departement,nom_reel,pop_2012,longitude_degre,latitude_degre
75,Paris,2211000,2.34445,48.86
13,Marseille,851400,5.37639,43.2967
69,Lyon,474900,4.84139,45.7589
31,Toulouse,439600,1.43333,43.6
6,Nice,344900,7.25,43.7
44,Nantes,283300,-1.55,47.2167
67,Strasbourg,272100,7.75,48.5833
34,Montpellier,253000,3.88333,43.6
33,Bordeaux,235900,-0.566667,44.8333
59,Lille,225800,3.06667,50.6333
35,Rennes,206700,-1.68333,48.0833
51,Reims,181500,4.03333,49.25
76,Le Havre,178800,0.133333,49.5
42,Saint-Étienne,172700,4.4,45.4333
83,Toulon,166700,5.93333,43.1167
38,Grenoble,156700,5.71667,45.1667
21,Dijon,151600,5.01667,47.3167
49,Angers,148400,-0.55,47.4667
72,Le Mans,143500,0.2,48
13,Aix-en-Provence,142700,5.43333,43.5333
29,Brest,142100,-4.48333,48.4
69,Villeurbanne,141100,4.88333,45.7667
30,Nîmes,140300,4.35,43.8333
87,Limoges,140100,1.25,45.85
63,Clermont-Ferrand,139000,3.08333,45.7833
37,Tours,135500,0.683333,47.3833
80,Amiens,134400,2.3,49.9
57,Metz,122800,6.16667,49.1333
25,Besançon,117600,6.03333,47.25
66,Perpignan,116700,2.88333,42.6833
45,Orléans,113300,1.9,47.9167
92,Boulogne-Billancourt,112200,2.25,48.8333
68,Mulhouse,111900,7.33333,47.75
14,Caen,109900,-0.35,49.1833
76,Rouen,109400,1.08333,49.4333
54,Nancy,106400,6.2,48.6833
93,Saint-Denis,103700,2.35833,48.9333
95,Argenteuil,103300,2.25,48.95
93,Montreuil,102200,2.43333,48.8667
59,Roubaix,95900,3.16667,50.7
59,Dunkerque,93600,2.36667,51.05
59,Tourcoing,92600,3.15,50.7167
84,Avignon,90100,4.81667,43.95
92,Nanterre,89600,2.2,48.9
86,Poitiers,89300,0.333333,46.5833
94,Créteil,89300,2.46667,48.7833
78,Versailles,86700,2.13333,48.8
92,Courbevoie,85100,2.25222,48.8973
94,Vitry-sur-Seine,84100,2.4,48.7833
64,Pau,84000,-0.366667,43.3
92,Colombes,83700,2.25,48.9167
93,Aulnay-sous-Bois,82200,2.51667,48.95
92,Asnières-sur-Seine,81700,2.28556,48.9112
92,Rueil-Malmaison,78100,2.2,48.8833
6,Antibes,77000,7.11667,43.5833
17,La Rochelle,75800,-1.15,46.1667
94,Saint-Maur-des-Fossés,75700,2.5,48.8
94,Champigny-sur-Marne,75100,2.51667,48.8167
62,Calais,74800,1.83333,50.95
93,Aubervilliers,74500,2.38333,48.9167
6,Cannes,72900,7.01667,43.55
34,Béziers,71700,3.25,43.35
18,Bourges,69000,2.4,47.0833
44,Saint-Nazaire,66900,-2.2,47.2833
68,Colmar,66900,7.36667,48.0833
93,Drancy,66200,2.45,48.9333
33,Mérignac,66100,-0.633333,44.8333
26,Valence,64500,4.9,44.9333
29,Quimper,63900,-4.1,48
92,Issy-les-Moulineaux,63300,2.26667,48.8167
93,Noisy-le-Grand,63100,2.56667,48.85
92,Levallois-Perret,63000,2.28333,48.9
59,Villeneuve-d'Ascq,62700,3.14167,50.6833
10,Troyes,61500,4.08333,48.3
92,Antony,61200,2.3,48.75
92,Neuilly-sur-Seine,60300,2.26667,48.8833
83,La Seyne-sur-Mer,60000,5.88333,43.1
95,Sarcelles,59200,2.38333,49
92,Clichy,58400,2.3,48.9
56,Lorient,58100,-3.36667,47.75
79,Niort,58100,-0.466667,46.3167
33,Pessac,57600,-0.616667,44.8
69,Vénissieux,57600,4.88333,45.6833
2,Saint-Quentin,56800,3.28333,49.85
73,Chambéry,56800,5.93333,45.5667
94,Ivry-sur-Seine,56700,2.38333,48.8167
95,Cergy,56100,2.06667,49.0333
82,Montauban,56000,1.35,44.0167
83,Hyères,55100,6.11667,43.1167
60,Beauvais,55000,2.08333,49.4333
49,Cholet,54100,-0.883333,47.0667
93,Bondy,53300,2.46667,48.9
94,Villejuif,53200,2.36667,48.8
56,Vannes,53000,-2.75,47.6667
94,Maisons-Alfort,52900,2.43333,48.8
77,Chelles,52800,2.6,48.8833
94,Fontenay-sous-Bois,52800,2.48333,48.85
13,Arles,52700,4.63333,43.6667
83,Fréjus,52700,6.73611,43.4339
93,Pantin,52700,2.4,48.9
93,Épinay-sur-Seine,52700,2.30833,48.95
91,Évry,52500,2.45,48.6333
85,La Roche-sur-Yon,51700,-1.43333,46.6667
6,Grasse,51600,6.91667,43.6667
78,Sartrouville,51400,2.18333,48.95
92,Clamart,51400,2.26667,48.8
11,Narbonne,51000,3,43.1833
8,Charleville-Mézières,50900,4.71667,49.7667
53,Laval,50900,-0.766667,48.0667
27,Évreux,50800,1.15,49.0167
93,Sevran,50800,2.53333,48.9333
93,Le Blanc-Mesnil,50700,2.45,48.9333
90,Belfort,50300,6.86667,47.6333
74,Annecy,50100,6.11667,45.9
19,Brive-la-Gaillarde,49700,1.53333,45.15
6,Cagnes-sur-Mer,48900,7.15,43.6667
81,Albi,48800,2.15,43.9333
77,Meaux,48700,2.86667,48.95
35,Saint-Malo,48200,-2.01667,48.65
94,Vincennes,48100,2.43333,48.85
93,Bobigny,47700,2.45,48.9
11,Carcassonne,47600,2.35,43.2167
41,Blois,46800,1.33333,47.5833
92,Montrouge,46700,2.31667,48.8167
13,Martigues,46500,5.05,43.4
13,Aubagne,46100,5.56667,43.2833
51,Châlons-en-Champagne,46100,4.36667,48.9583
36,Châteauroux,46000,1.7,46.8167
71,Chalon-sur-Saône,46000,4.85,46.7833
22,Saint-Brieuc,45900,-2.78333,48.5167
92,Suresnes,45600,2.23333,48.8667
93,Saint-Ouen,45600,2.33333,48.9
92,Meudon,44700,2.24167,48.8083
94,Alfortville,44700,2.41667,48.8
64,Bayonne,44500,-1.48333,43.4833
92,Puteaux,44500,2.23333,48.8667
65,Tarbes,44200,0.083333,43.2333
62,Boulogne-sur-Mer,43800,1.61667,50.7167
44,Saint-Herblain,43200,-1.65,47.2167
16,Angoulême,43100,0.15,45.65
81,Castres,43000,2.25,43.6
34,Sète,42800,3.68333,43.4
62,Arras,42800,2.78333,50.2833
59,Valenciennes,42700,3.53333,50.35
13,Istres,42600,4.98333,43.5167
78,Mantes-la-Jolie,42600,1.71667,48.9833
59,Douai,42400,3.06667,50.3667
59,Wattrelos,41800,3.21667,50.7
92,Gennevilliers,41800,2.3,48.9333
93,Livry-Gargan,41800,2.55,48.9167
91,Corbeil-Essonnes,41700,2.48333,48.6
60,Compiègne,41600,2.83333,49.4167
69,Saint-Priest,41500,4.93333,45.6917
13,Salon-de-Provence,41400,5.1,43.6333
57,Thionville,41100,6.16667,49.3667
6,Le Cannet,40900,7.01667,43.5667
69,Caluire-et-Cuire,40900,4.85,45.8
78,Saint-Germain-en-Laye,40900,2.08333,48.9
93,Rosny-sous-Bois,40800,2.48333,48.8667
33,Talence,40600,-0.6,44.8167
30,Alès,40500,4.08333,44.1333
91,Massy,40500,2.28333,48.7333
69,Vaulx-en-Velin,40400,4.93333,45.7833
1,Bourg-en-Bresse,40200,5.21667,46.2
50,Cherbourg-Octeville,39800,-1.65,49.65
95,Garges-lès-Gonesse,39600,2.41667,48.9667
3,Montluçon,39500,2.6,46.3333
28,Chartres,39200,1.5,48.45
69,Bron,39100,4.91667,45.7333
59,Marcq-en-Barœul,38900,3.08333,50.6667
77,Melun,38900,2.66667,48.5333
93,Noisy-le-Sec,38700,2.46667,48.8833
5,Gap,38600,6.08333,44.5667
92,Bagneux,38500,2.3,48.8
93,Gagny,38300,2.53333,48.8833
94,Choisy-le-Roi,38200,2.41667,48.7667
44,Rezé,37900,-1.56667,47.2
64,Anglet,37900,-1.53333,43.4833
58,Nevers,37600,3.16667,46.9833
78,Poissy,37500,2.05,48.9333
91,Savigny-sur-Orge,37300,2.35,48.6667
89,Auxerre,36900,3.56667,47.8
93,La Courneuve,36900,2.38333,48.9167
13,Vitrolles,36600,5.25,43.4667
83,Draguignan,36600,6.46667,43.5333
62,Lens,36100,2.83333,50.4333
42,Roanne,35900,4.06889,46.0367
37,Joué-lès-Tours,35800,0.666667,47.35
93,Villepinte,35800,2.53333,48.9667
38,Échirolles,35700,5.71667,45.1333
38,Saint-Martin-d'Hères,35600,5.76667,45.1667
42,Saint-Chamond,35500,4.5,45.4667
93,Tremblay-en-France,35500,2.57639,48.9562
67,Haguenau,35100,7.78333,48.8167
26,Montélimar,34800,4.75,44.5667
77,Pontault-Combault,34800,2.60528,48.7984
78,Conflans-Sainte-Honorine,34800,2.1,48.9833
83,Six-Fours-les-Plages,34800,5.83945,43.0934
60,Creil,34600,2.48333,49.2667
93,Stains,34600,2.38333,48.95
71,Mâcon,34300,4.83333,46.3
69,Villefranche-sur-Saône,34200,4.71667,45.9833
78,Montigny-le-Bretonneux,34000,2.03333,48.7667
83,Saint-Raphaël,34000,6.76667,43.4167
91,Sainte-Geneviève-des-Bois,34000,2.33333,48.6333
93,Bagnolet,34000,2.41667,48.8667
13,Marignane,33900,5.21667,43.4167
13,La Ciotat,33800,5.6,43.1667
76,Dieppe,33600,1.08333,49.9333
86,Châtellerault,33500,0.533333,46.8
26,Romans-sur-Isère,33400,5.05,45.05
31,Colomiers,33200,1.35,43.6167
47,Agen,33200,0.633333,44.2
93,Neuilly-sur-Marne,33200,2.53333,48.85
95,Franconville,33200,2.23333,48.9833
88,Épinal,33000,6.45,48.1833
74,Thonon-les-Bains,32800,6.48333,46.3667
92,Châtillon,32500,2.28333,48.8
59,Maubeuge,32400,3.96667,50.2833
59,Cambrai,32300,3.23333,50.1667
78,Mureaux,32300,1.91667,49
94,Le Perreux-sur-Marne,32300,2.5,48.85
62,Liévin,32000,2.76667,50.4167
92,Châtenay-Malabry,31900,2.26667,48.7667
91,Viry-Châtillon,31700,2.38333,48.6667
28,Dreux,31200,1.36667,48.7333
54,Vandœuvre-lès-Nancy,31100,6.18333,48.65
67,Schiltigheim,31100,7.75,48.6
78,Houilles,30900,2.2,48.9167
92,Malakoff,30900,2.3,48.8167
94,Nogent-sur-Marne,30900,2.48333,48.8333
78,Plaisir,30800,1.95,48.8167
94,Villeneuve-Saint-Georges,30800,2.45,48.7333
91,Athis-Mons,30600,2.4,48.7167
95,Goussainville,30600,2.46667,49.0167
74,Annemasse,30500,6.25,46.2
91,Palaiseau,30400,2.25,48.7167
6,Saint-Laurent-du-Var,30300,7.18333,43.6667
40,Mont-de-Marsan,30200,-0.5,43.8833
76,Sotteville-lès-Rouen,30000,1.1,49.4167
38,Vienne,29900,4.86667,45.5167
78,Chatou,29900,2.15,48.8833
92,Saint-Cloud,29800,2.21667,48.8417
95,Pontoise,29700,2.1,49.05
69,Rillieux-la-Pape,29600,4.89833,45.8214
94,Thiais,29600,2.38333,48.7667
69,Meyzieu,29500,5.00333,45.7672
84,Orange,29500,4.8,44.1333
94,L'Haÿ-les-Roses,29500,2.33333,48.7833
78,Le Chesnay,29300,2.125,48.825
6,Vallauris,29100,7.05,43.5833
24,Périgueux,29100,0.716667,45.1833
93,Clichy-sous-Bois,29100,2.55,48.9167
84,Carpentras,29000,5.05,44.05
91,Yerres,29000,2.5,48.7167
93,Pierrefitte-sur-Seine,28900,2.36667,48.9667
6,Menton,28800,7.5,43.7833
33,Villenave-d'Ornon,28800,-0.55,44.7667
91,Draveil,28700,2.41667,48.6833
15,Aurillac,28600,2.45,44.9167
78,Guyancourt,28600,2.06667,48.7667
94,Charenton-le-Pont,28600,2.41667,48.8167
2,Soissons,28500,3.33333,49.3667
78,Trappes,28500,2,48.7833
93,Villemomble,28200,2.5,48.8833
49,Saumur,28100,-0.083333,47.2667
76,Saint-Étienne-du-Rouvray,28100,1.1,49.3833
59,Lambersart,28000,3.03333,50.65
95,Bezons,28000,2.21667,48.9333
77,Savigny-le-Temple,27800,2.58333,48.5667
92,Bois-Colombes,27800,2.26667,48.9167
61,Alençon,27700,0.083333,48.4333
94,Cachan,27700,2.33333,48.7833
95,Ermont,27700,2.26667,48.9833
24,Bergerac,27600,0.483333,44.85
18,Vierzon,27500,2.08333,47.2167
94,Villiers-sur-Marne,27500,2.55,48.8333
33,Saint-Médard-en-Jalles,27400,-0.733333,44.9
78,Élancourt,27300,1.95,48.7833
91,Grigny,27200,2.38333,48.65
73,Aix-les-Bains,27100,5.91667,45.7
91,Ris-Orangis,27000,2.41667,48.65
91,Vigneux-sur-Seine,27000,2.41667,48.7
95,Villiers-le-Bel,27000,2.38333,49
67,Illkirch-Graffenstaden,26700,7.71667,48.5333
92,La Garenne-Colombes,26700,2.25,48.9
17,Saintes,26500,-0.633333,45.75
92,Vanves,26500,2.3,48.8333
95,Gonesse,26500,2.45,48.9833
52,Saint-Dizier,26400,4.95,48.6333
64,Biarritz,26300,-1.56667,43.4833
95,Taverny,26300,2.21667,49.0333
2,Laon,26200,3.61667,49.5667
25,Montbéliard,26200,6.8,47.5167
83,La Garde,26200,6.01056,43.1248
94,Le Kremlin-Bicêtre,26100,2.36667,48.8167
94,Sucy-en-Brie,26100,2.53333,48.7667
95,Herblay,26000,2.16667,49
89,Sens,25900,3.28389,48.1981
95,Sannois,25900,2.25,48.9667
76,Le Grand-Quevilly,25800,1.03333,49.4167
78,Rambouillet,25800,1.83333,48.65
17,Rochefort,25700,-0.983333,45.9333
62,Béthune,25700,2.63333,50.5333
69,Oullins,25700,4.8,45.7167
13,Miramas,25600,5,43.5833
31,Tournefeuille,25600,1.35,43.5833
62,Hénin-Beaumont,25600,2.93333,50.4167
91,Brunoy,25600,2.5,48.7
93,Romainville,25600,2.43333,48.8833
39,Dole,25400,5.5,47.1
84,Cavaillon,25400,5.03805,43.8375
3,Vichy,25200,3.41667,46.1167
27,Vernon,25000,1.48333,49.0833
33,Bègles,25000,-0.533333,44.8
59,Armentières,25000,2.88333,50.6833
94,Fresnes,25000,2.31667,48.75
69,Décines-Charpieu,24800,4.96667,45.75
38,Bourgoin-Jallieu,24700,5.27972,45.5917
44,Saint-Sébastien-sur-Loire,24700,-1.5,47.2167
92,Le Plessis-Robinson,24700,2.26667,48.7833
92,Villeneuve-la-Garenne,24700,2.33333,48.9333
51,Épernay,24600,3.95,49.05
91,Ulis,24600,2.1675,48.6823
12,Rodez,24500,2.56667,44.3333
93,Montfermeil,24500,2.56667,48.9
33,La Teste-de-Buch,24400,-1.13704,44.6343
34,Lunel,24400,4.13333,43.6833
44,Orvault,24400,-1.61667,47.2667
77,Champs-sur-Marne,24100,2.6,48.85
80,Abbeville,24100,1.83333,50.1
92,Fontenay-aux-Roses,24100,2.28333,48.7833
52,Chaumont,24000,5.13333,48.1167
77,Villeparisis,23900,2.61667,48.9333
95,Eaubonne,23800,2.28333,49
33,Libourne,23700,-0.233333,44.9167
62,Bruay-la-Buissière,23700,2.54778,50.4812
47,Villeneuve-sur-Lot,23600,0.716667,44.4
31,Muret,23300,1.35,43.4667
33,Gradignan,23300,-0.616667,44.7667
33,Le Bouscat,23200,-0.616667,44.8667
34,Frontignan,23200,3.75,43.45
71,Le Creusot,23200,4.43333,46.8
95,Saint-Ouen-l'Aumône,23200,2.11667,49.05
1,Oyonnax,23100,5.66667,46.25
92,Sèvres,23100,2.2,48.8167
57,Montigny-lès-Metz,22800,6.15,49.1
59,Coudekerque-Branche,22800,2.4,51.0333
91,Montgeron,22700,2.45,48.7
78,Maisons-Laffitte,22600,2.15,48.95
33,Cenon,22500,-0.533333,44.85
34,Agde,22500,3.46667,43.3167
56,Lanester,22500,-3.35,47.75
91,Brétigny-sur-Orge,22500,2.31667,48.6167
94,Saint-Mandé,22500,2.41667,48.8333
95,Cormeilles-en-Parisis,22400,2.2,48.9833
4,Manosque,22300,5.78333,43.8333
14,Hérouville-Saint-Clair,22300,-0.316667,49.2
21,Beaune,22200,4.83333,47.0333
59,La Madeleine,22200,3.06667,50.65
69,Sainte-Foy-lès-Lyon,22200,4.8,45.7333
77,Roissy-en-Brie,22200,2.65,48.8
91,Étampes,22200,2.15,48.4333
93,Lilas,22200,2.43333,48.8833
14,Lisieux,22100,0.233333,49.15
38,Fontaine,22100,5.66667,45.1833
59,Mons-en-Barœul,22100,3.10778,50.642
57,Sarreguemines,22000,7.05,49.1
12,Millau,21900,3.08333,44.1
76,Le Petit-Quevilly,21900,1.03333,49.4333
77,Torcy,21900,2.65,48.85
57,Forbach,21800,6.9,49.1833
32,Auch,21700,0.583333,43.65
59,Hazebrouck,21700,2.53333,50.7167
88,Saint-Dié-des-Vosges,21700,6.95,48.2833
95,Deuil-la-Barre,21700,2.33333,48.9833
31,Blagnac,21600,1.4,43.6333
44,Vertou,21400,-1.48333,47.1667
59,Loos,21400,3.01667,50.6167
83,La Valette-du-Var,21400,5.98333,43.1333
91,Longjumeau,21400,2.3,48.7
95,Montmorency,21400,2.33333,49
77,Combs-la-Ville,21300,2.56667,48.6667
6,Mandelieu-la-Napoule,21200,6.93333,43.55
45,Fleury-les-Aubrais,21200,1.91667,47.9333
91,Gif-sur-Yvette,21200,2.13333,48.6833
13,Gardanne,21100,5.46667,43.45
77,Bussy-Saint-Georges,21100,2.7,48.85
91,Morsang-sur-Orge,21100,2.35,48.6667
59,Grande-Synthe,21000,2.28333,51.0167
78,La Celle-Saint-Cloud,20900,2.15,48.85
94,Orly,20900,2.4,48.75
59,Croix,20800,3.15,50.6667
77,Le Mée-sur-Seine,20800,2.63333,48.5333
93,Pavillons-sous-Bois,20700,2.51667,48.9
40,Dax,20500,-1.05,43.7167
77,Ozoir-la-Ferrière,20500,2.66667,48.7667
38,Voiron,20400,5.58333,45.3667
93,Neuilly-Plaisance,20300,2.51667,48.8667
95,Saint-Gratien,20300,2.28333,48.9667
13,Pennes-Mirabeau,20200,5.31667,43.4083
59,Denain,20200,3.38333,50.3333
77,Lagny-sur-Marne,20200,2.71667,48.8667
91,Saint-Michel-sur-Orge,20200,2.3,48.6333
29,Concarneau,20100,-3.91667,47.8667
35,Fougères,20100,-1.2,48.35
45,Olivet,20100,1.9,47.8667
54,Lunéville,20100,6.5,48.6
69,Saint-Genis-Laval,20100,4.8,45.6833
77,Dammarie-les-Lys,20100,2.63445,48.5153
46,Cahors,20000,1.43333,44.4333
76,Mont-Saint-Aignan,20000,1.08333,49.4667
78,Vélizy-Villacoublay,20000,2.18333,48.8
92,Bourg-la-Reine,20000,2.31667,48.775
33,Lormont,19900,-0.533333,44.8667
59,Halluin,19900,3.13333,50.7833
68,Saint-Louis,19900,7.56667,47.5833
3,Moulins,19800,3.33333,46.5667
74,Annecy-le-Vieux,19800,6.15,45.9167
94,Arcueil,19800,2.33333,48.8
6,Mougins,19700,7,43.6
22,Lannion,19700,-3.46667,48.7333
71,Montceau-les-Mines,19700,4.36667,46.6667
78,Achères,19700,2.06667,48.9667
60,Nogent-sur-Oise,19600,2.46667,49.2667
92,Sceaux,19600,2.28333,48.7833
69,Givors,19500,4.76667,45.5833
76,Fécamp,19400,0.366667,49.75
55,Verdun,19300,5.38278,49.1598
67,Sélestat,19300,7.45,48.2667
6,Vence,19200,7.11667,43.7167
8,Sedan,19200,4.95,49.7
16,Cognac,19100,-0.333333,45.7
50,Saint-Lô,19100,-1.08333,49.1167
63,Cournon-d'Auvergne,19100,3.21667,45.75
59,Wasquehal,19000,3.15,50.6667
94,Chevilly-Larue,19000,2.35,48.7667
38,Villefontaine,18900,5.15,45.6167
43,Le Puy-en-Velay,18900,3.88583,45.0442
45,Saint-Jean-de-Braye,18900,1.96667,47.9
78,Mantes-la-Ville,18900,1.71667,48.9667
84,L'Isle-sur-la-Sorgue,18900,5.05,43.9167
84,Pertuis,18900,5.5,43.6833
95,Montigny-lès-Cormeilles,18900,2.18333,48.9833
78,Maurepas,18800,1.91667,48.7667
94,Limeil-Brévannes,18800,2.48333,48.7333
13,Allauch,18700,5.48333,43.3333
33,Eysines,18700,-0.65,44.8833
25,Pontarlier,18600,6.36667,46.9
69,Tassin-la-Demi-Lune,18600,4.78333,45.7667
79,Bressuire,18600,-0.483333,46.85
17,Royan,18500,-1.03333,45.6333
30,Bagnols-sur-Cèze,18500,4.61667,44.1667
33,Gujan-Mestras,18500,-1.06667,44.6333
73,Albertville,18500,6.38333,45.6833
77,Mitry-Mory,18500,2.61667,48.9833
94,Le Plessis-Trévise,18500,2.56667,48.8167
94,Villeneuve-le-Roi,18500,2.41667,48.7333
26,Bourg-lès-Valence,18400,4.88333,44.95
44,Couëron,18400,-1.73333,47.2167
91,Chilly-Mazarin,18400,2.3,48.7
59,Ronchin,18300,3.1,50.6
85,Challans,18300,-1.88333,46.85
27,Louviers,18200,1.16667,49.2167
56,Ploemeur,18200,-3.43333,47.7333
84,Sorgues,18200,4.86667,44
92,Garches,18200,2.18333,48.8417
39,Lons-le-Saunier,18100,5.55,46.6667
92,Chaville,18100,2.2,48.8
69,Écully,18000,4.76667,45.7667
74,Cluses,18000,6.6,46.0667
47,Marmande,17900,0.166667,44.5
74,Seynod,17900,6.08333,45.8833
63,Riom,17800,3.11667,45.9
59,Hem,17700,3.2,50.65
67,Bischheim,17700,7.75,48.6167
94,Chennevières-sur-Marne,17700,2.51667,48.8
62,Avion,17600,2.83333,50.4
78,Saint-Cyr-l'École,17600,2.06667,48.8
93,Le Pré-Saint-Gervais,17600,2.4,48.8833
42,Firminy,17500,4.3,45.3833
41,Romorantin-Lanthenay,17400,1.74361,47.3589
44,Carquefou,17400,-1.5,47.3
50,Équeurdreville-Hainneville,17400,0.345279,49.6484
62,Carvin,17400,2.96667,50.4833
94,Joinville-le-Pont,17400,2.46667,48.8167
94,Gentilly,17400,2.33333,48.8167
95,Soisy-sous-Montmorency,17400,2.3,48.9833
4,Digne-les-Bains,17300,6.23639,44.0933
7,Annonay,17200,4.66667,45.2333
13,Port-de-Bouc,17200,4.98333,43.4
38,Meylan,17200,5.78333,45.2333
76,Elbeuf,17200,1,49.2833
77,Moissy-Cramayel,17200,2.6,48.6167
78,Clayes-sous-Bois,17200,1.98333,48.8167
63,Chamalières,17100,3.06667,45.7833
69,Saint-Fons,17100,4.86667,45.7
83,Sanary-sur-Mer,17100,5.8,43.1167
44,La Chapelle-sur-Erdre,17000,-1.55,47.3
78,Marly-le-Roi,16900,2.08333,48.8667
84,Le Pontet,16900,4.85,43.9667
44,Bouguenais,16800,-1.61667,47.1833
67,Lingolsheim,16800,7.68333,48.5667
35,Vitré,16700,-1.2,48.1333
41,Vendôme,16700,1.06667,47.8
44,La Baule-Escoublac,16700,-2.36667,47.3
45,Saint-Jean-de-la-Ruelle,16700,1.86667,47.9167
59,Saint-Amand-les-Eaux,16700,3.43333,50.4333
59,Faches-Thumesnil,16700,3.06667,50.5833
95,Jouy-le-Moutier,16700,2.03333,49.0167
57,Saint-Avold,16600,6.7,49.1
95,Éragny,16600,2.1,49.0167
33,Cestas,16500,-0.683333,44.7333
59,Sin-le-Noble,16500,3.11667,50.3667
94,Bonneuil-sur-Marne,16500,2.48333,48.7667
74,Cran-Gevrier,16400,6.1,45.9
78,Le Pecq,16400,2.1,48.9
83,La Crau,16400,6.06667,43.15
34,Lattes,16300,3.9,43.5667
50,Tourlaville,16300,-1.56667,49.6333
60,Senlis,16300,2.58333,49.2
70,Vesoul,16300,6.16667,47.6333
76,Montivilliers,16300,0.2,49.55
77,Montereau-Fault-Yonne,16300,2.95,48.3833
78,Le Vésinet,16300,2.11667,48.9
91,Orsay,16300,2.18333,48.7
57,Yutz,16200,6.18862,49.3589
54,Toul,16100,5.9,48.6833
78,Viroflay,16100,2.16667,48.8
31,Plaisance-du-Touch,16000,1.3,43.5667
33,Floirac,16000,-0.533333,44.8333
78,Limay,16000,1.73333,48.9833
9,Pamiers,15900,1.6,43.1167
31,Cugnaux,15900,1.36667,43.5333
77,Brie-Comte-Robert,15900,2.61667,48.6833
83,Brignoles,15900,6.06667,43.4
95,Osny,15900,2.06667,49.0667
34,Mauguio,15800,4.01667,43.6167
37,Saint-Cyr-sur-Loire,15800,0.666667,47.4
38,Saint-Égrève,15800,5.68306,45.2317
55,Bar-le-Duc,15800,5.16667,48.7833
19,Tulle,15700,1.76667,45.2667
28,Lucé,15700,1.46667,48.4333
61,Flers,15700,-0.566667,48.75
91,Verrières-le-Buisson,15700,2.26667,48.75
94,Boissy-Saint-Léger,15700,2.51667,48.75
95,Vauréal,15700,2.03333,49.0333
29,Morlaix,15600,-3.83333,48.5833
35,Bruz,15600,-1.75,48.0333
74,Sallanches,15600,6.63333,45.9333
77,Noisiel,15600,2.63333,48.85
30,Beaucaire,15500,4.63333,43.8
37,Saint-Pierre-des-Corps,15500,0.733333,47.3833
45,Montargis,15500,2.75,48
13,Fos-sur-Mer,15400,4.95,43.4333
57,Hayange,15400,6.05,49.3333
65,Lourdes,15400,-0.05,43.1
72,La Flèche,15400,-0.083333,47.7
77,Fontainebleau,15400,2.7,48.4
78,Carrières-sur-Seine,15400,2.18333,48.9167
78,Verneuil-sur-Seine,15400,1.98333,48.9833
38,L'Isle-d'Abeau,15300,5.23333,45.6167
45,Gien,15300,2.63333,47.7
45,Saran,15300,1.88333,47.95
94,Bry-sur-Marne,15300,2.51667,48.8333
35,Cesson-Sévigné,15200,-1.6,48.125
44,Guérande,15200,-2.43333,47.3333
29,Douarnenez,15100,-4.33333,48.1
62,Berck,15100,1.59278,50.4084
78,Montesson,15100,2.15,48.9167
29,Landerneau,15000,-4.25,48.45
34,Castelnau-le-Lez,15000,3.9,43.6333
62,Saint-Omer,15000,2.25,50.75
77,Lognes,15000,2.61667,48.8333
85,Sables-d'Olonne,15000,-1.78333,46.5
42,Montbrison,14900,4.05,45.6
54,Laxou,14900,6.15,48.6833
71,Autun,14900,4.3,46.95
2,Château-Thierry,14800,3.4,49.05
13,Châteaurenard,14800,4.85,43.8833
33,Blanquefort,14800,-0.633333,44.9167
42,Rive-de-Gier,14800,4.61667,45.5333
54,Villers-lès-Nancy,14800,6.15,48.6667
76,Canteleu,14800,1.03333,49.45
85,Herbiers,14800,-1.01667,46.8667
59,Hautmont,14700,3.93333,50.25
95,Saint-Leu-la-Forêt,14700,2.25,49.0167
56,Hennebont,14600,-3.28333,47.8
68,Illzach,14600,7.33333,47.7833
94,Saint-Maurice,14600,2.45833,48.8167
95,Domont,14600,2.33333,49.0333
2,Tergnier,14500,3.3,49.65
21,Chenôve,14500,5,47.2833
25,Audincourt,14500,6.83333,47.4833
42,Saint-Just-Saint-Rambert,14500,4.24,45.4995
59,Haubourdin,14500,2.98333,50.6
78,Carrières-sous-Poissy,14500,2.03333,48.95
6,Villeneuve-Loubet,14400,7.11667,43.65
61,Argentan,14400,-0.016667,48.75
62,Outreau,14400,1.58333,50.7
91,Juvisy-sur-Orge,14400,2.38333,48.6833
54,Pont-à-Mousson,14300,6.06667,48.9
68,Wittenheim,14300,7.33333,47.8167
85,Fontenay-le-Comte,14300,-0.816667,46.4667
95,Saint-Brice-sous-Forêt,14300,2.36667,49
51,Vitry-le-François,14200,4.58333,48.7333
54,Longwy,14200,5.76667,49.5167
63,Issoire,14200,3.25,45.55
77,Avon,14200,2.71667,48.4
6,Beausoleil,14100,7.43333,43.75
23,Guéret,14100,1.86667,46.1667
33,Bruges,14100,-0.616667,44.8833
64,Hendaye,14100,-1.775,43.3583
84,Bollène,14100,4.75,44.2833
91,Courcouronnes,14100,2.4,48.6167
95,Montmagny,14100,2.35,48.9667
37,Saint-Avertin,14000,0.733333,47.3667
44,Pornic,14000,-2.1,47.1167
59,Caudry,14000,3.41667,50.1333
13,Berre-l'Étang,13900,5.18333,43.4667
28,Châteaudun,13900,1.33333,48.0833
59,Anzin,13900,3.5,50.3667
83,Saint-Maximin-la-Sainte-Baume,13900,5.86667,43.45
10,Romilly-sur-Seine,13800,3.71667,48.5167
29,Guipavas,13800,-4.4,48.4333
60,Noyon,13800,3,49.5833
60,Crépy-en-Valois,13800,2.9,49.2333
64,Saint-Jean-de-Luz,13800,-1.66667,43.3833
27,Val-de-Reuil,13700,1.21028,49.2745
56,Pontivy,13700,-2.98333,48.0667
77,Coulommiers,13700,3.08333,48.8167
83,Sainte-Maxime,13700,6.63333,43.3
78,Bois-d'Arcy,13600,2.01667,48.8
93,Le Bourget,13600,2.41667,48.9333
93,Le Raincy,13600,2.51667,48.9
6,Roquebrune-Cap-Martin,13500,7.46667,43.7667
14,Bayeux,13500,-0.7,49.2667
22,Plérin,13500,-2.78333,48.5333
30,Saint-Gilles,13500,4.43333,43.6833
36,Issoudun,13500,2,46.95
13,Bouc-Bel-Air,13400,5.41667,43.45
57,Creutzwald,13400,6.69584,49.2053
74,Rumilly,13400,5.95,45.8667
3,Cusset,13300,3.46667,46.1333
13,Tarascon,13300,4.66667,43.8
53,Mayenne,13300,-0.616667,48.3
59,Bailleul,13300,2.73333,50.7333
64,Billère,13300,-0.4,43.3
10,La Chapelle-Saint-Luc,13200,4.05,48.3333
57,Freyming-Merlebach,13200,6.79889,49.1417
59,Mouvaux,13200,3.13333,50.7
59,Raismes,13200,3.48333,50.3833
85,Château-d'Olonne,13200,-1.73333,46.5
91,Mennecy,13200,2.43333,48.5667
95,Arnouville,13200,2.41667,48.9833
29,Plougastel-Daoulas,13100,-4.36667,48.3667
33,Ambarès-et-Lagrave,13100,-0.486667,44.9248
50,Granville,13100,-1.6,48.8333
68,Kingersheim,13100,7.33333,47.8
68,Rixheim,13100,7.4,47.7667
81,Gaillac,13100,1.91667,43.9
31,Balma,13000,1.5,43.6167
42,Le Chambon-Feugerolles,13000,4.31667,45.4
45,Châlette-sur-Loing,13000,2.73333,48.0167
59,Fourmies,13000,4.05,50
76,Bois-Guillaume,13000,1.13333,49.4667
82,Castelsarrasin,13000,1.1,44.0333
83,Ollioules,13000,5.85,43.1333
85,Olonne-sur-Mer,13000,-1.78333,46.5333
26,Pierrelatte,12900,4.7,44.3833
57,Sarrebourg,12900,7.05,48.7333
1,Ambérieu-en-Bugey,12800,5.35,45.95
30,Villeneuve-lès-Avignon,12800,4.79584,43.9664
59,Wattignies,12800,3.05,50.5833
59,Lys-lez-Lannoy,12800,3.21445,50.6714
60,Méru,12800,2.13333,49.2333
78,Fontenay-le-Fleury,12800,2.05,48.8167
49,Avrillé,12700,-0.583333,47.5
59,Roncq,12700,3.11667,50.75
62,Harnes,12700,2.9,50.45
67,Bischwiller,12700,7.86667,48.7667
93,Villetaneuse,12700,2.34167,48.9583
57,Woippy,12600,6.15,49.15
77,Nemours,12600,2.7,48.2667
91,Épinay-sous-Sénart,12600,2.51667,48.6833
3,Yzeure,12500,3.35,46.5667
6,Valbonne,12500,7,43.6333
40,Saint-Paul-lès-Dax,12500,-1.05,43.7333
56,Auray,12500,-2.98333,47.6667
60,Montataire,12500,2.43333,49.2667
37,Amboise,12400,0.983333,47.4167
40,Biscarrosse,12400,-1.16667,44.3917
59,Comines,12400,3.01667,50.7667
66,Canet-en-Roussillon,12400,3.00778,42.7067
44,Saint-Brevin-les-Pins,12300,-2.16667,47.25
57,Stiring-Wendel,12300,6.93333,49.2
72,Sablé-sur-Sarthe,12300,-0.333333,47.8333
76,Barentin,12300,0.95,49.55
77,Provins,12300,3.3,48.55
77,Saint-Fargeau-Ponthierry,12300,2.54528,48.5333
82,Moissac,12300,1.08333,44.1
13,Rognac,12200,5.23333,43.4833
14,Vire,12200,-0.883333,48.8333
31,L'Union,12200,1.48333,43.6667
38,Seyssinet-Pariset,12200,5.65,45.1667
44,Châteaubriant,12200,-1.38333,47.7167
48,Mende,12200,3.5,44.5167
57,Fameck,12200,6.11667,49.3
59,Seclin,12200,3.03333,50.55
59,Somain,12200,3.28333,50.3667
68,Riedisheim,12200,7.36667,47.75
69,Francheville,12200,4.76667,45.7333
78,Andrésy,12200,2.06667,48.9833
81,Graulhet,12200,2,43.7667
94,Valenton,12200,2.46667,48.75
2,Chauny,12100,3.21667,49.6167
49,Trélazé,12100,-0.466667,47.45
62,Méricourt,12100,2.86667,50.4
62,Nœux-les-Mines,12100,2.66667,50.4833
78,Aubergenville,12100,1.85,48.9667
78,Voisins-le-Bretonneux,12100,2.05,48.75
95,Enghien-les-Bains,12100,2.31667,48.9667
13,Auriol,12000,5.63333,43.3833
59,Bruay-sur-l'Escaut,12000,3.53333,50.3833
62,Bully-les-Mines,12000,2.71667,50.4333
63,Thiers,12000,3.56667,45.85
67,Saverne,12000,7.36667,48.7333
77,Vaires-sur-Marne,12000,2.65,48.8667
12,Villefranche-de-Rouergue,11900,2.05,44.35
59,Marly,11900,3.55,50.35
60,Pont-Sainte-Maxence,11900,2.6,49.3
64,Lons,11900,-0.4,43.3167
78,Triel-sur-Seine,11900,2,48.9833
21,Talant,11800,5,47.3167
28,Vernouillet,11800,1.36667,48.7167
33,Arcachon,11800,-1.16355,44.6589
74,Bonneville,11800,6.41667,46.0833
76,Bolbec,11800,0.483333,49.5667
83,Saint-Cyr-sur-Mer,11800,5.71667,43.1833
91,Morangis,11800,2.33333,48.7
22,Lamballe,11700,-2.51667,48.4667
27,Gisors,11700,1.78333,49.2833
29,Plouzané,11700,-4.61667,48.3833
31,Saint-Gaudens,11700,0.733333,43.1167
44,Sainte-Luce-sur-Loire,11700,-1.5,47.25
62,Étaples,11700,1.65,50.5167
69,Genas,11700,5,45.7333
5,Briançon,11600,6.65,44.9
13,Châteauneuf-les-Martigues,11600,5.16667,43.3833
31,Ramonville-Saint-Agne,11600,1.46667,43.55
40,Tarnos,11600,-1.46667,43.5333
68,Guebwiller,11600,7.2,47.9167
76,Oissel,11600,1.1,49.3333
76,Yvetot,11600,0.766667,49.6167
76,Maromme,11600,1.03333,49.4667
6,Carros,11500,7.18333,43.8
7,Aubenas,11500,4.38333,44.6167
11,Castelnaudary,11500,1.95,43.3167
25,Valentigney,11500,6.83333,47.4667
38,Le Pont-de-Claix,11500,5.7,45.1167
39,Saint-Claude,11500,5.86667,46.3833
45,Amilly,11500,2.77028,47.9731
59,Gravelines,11500,2.125,50.9833
62,Saint-Martin-Boulogne,11500,1.63333,50.7167
87,Saint-Junien,11500,0.9,45.8833
1,Bellegarde-sur-Valserine,11400,5.81667,46.1
18,Saint-Amand-Montrond,11400,2.50555,46.7236
49,Ponts-de-Cé,11400,-0.516667,47.4167
53,Château-Gontier,11400,-0.7,47.8333
69,Mions,11400,4.95,45.6667
69,Brignais,11400,4.75,45.6667
73,La Motte-Servolex,11400,5.88333,45.6
74,Saint-Julien-en-Genevois,11400,6.08333,46.1333
94,La Queue-en-Brie,11400,2.58333,48.7833
95,L'Isle-Adam,11400,2.23333,49.1167
74,Passy,11300,6.68333,45.9167
74,Gaillard,11300,6.21667,46.1833
77,Claye-Souilly,11300,2.7,48.95
77,Vaux-le-Pénil,11300,2.66667,48.5333
83,Roquebrune-sur-Argens,11300,6.63333,43.4333
10,Saint-André-les-Vergers,11200,4.05,48.2833
30,Vauvert,11200,4.28333,43.7
31,Fonsorbes,11200,1.23333,43.5333
59,Saint-Saulve,11200,3.55,50.3667
62,Auchel,11200,2.46667,50.5
64,Oloron-Sainte-Marie,11200,-0.6,43.2
68,Cernay,11200,7.16667,47.8167
83,Le Pradet,11200,6.01667,43.1
13,Plan-de-Cuques,11100,5.46667,43.35
28,Nogent-le-Rotrou,11100,0.833333,48.3167
29,Quimperlé,11100,-3.55,47.8667
58,Cosne-Cours-sur-Loire,11100,2.9275,47.4122
66,Saint-Estève,11100,2.85,42.7
72,Allonnes,11100,0.15,47.9667
83,Cogolin,11100,6.53333,43.25
84,Apt,11100,5.4,43.8833
13,Saint-Martin-de-Crau,11000,4.81667,43.6333
22,Ploufragan,11000,-2.78333,48.4833
22,Dinan,11000,-2.23639,48.4564
35,Dinard,11000,-2.06667,48.6333
37,Chambray-lès-Tours,11000,0.716667,47.3333
60,Chantilly,11000,2.46667,49.2
62,Longuenesse,11000,2.23333,50.7333
63,Beaumont,11000,3.1,45.75
83,Solliès-Pont,11000,6.05,43.1833
57,Florange,10900,6.11667,49.3333
67,Obernai,10900,7.48333,48.4667
92,Ville-d'Avray,10900,2.19167,48.825
7,Guilherand-Granges,10800,4.87473,44.9345
14,Ifs,10800,-0.35,49.1333
29,Le Relecq-Kerhuon,10800,-4.4,48.4
31,Castanet-Tolosan,10800,1.5,43.5167
31,Saint-Orens-de-Gameville,10800,1.53333,43.55
33,Andernos-les-Bains,10800,-1.1,44.7429
59,Vieux-Condé,10800,3.33333,50.4833
59,Saint-André-lez-Lille,10800,3.04389,50.6603
67,Ostwald,10800,7.71667,48.55
84,Monteux,10800,5,44.0333
13,Saint-Rémy-de-Provence,10700,4.83333,43.7833
6,La Trinité,10600,7.31667,43.75
7,Tournon-sur-Rhône,10600,4.83278,45.0673
12,Onet-le-Château,10600,2.53333,44.3833
38,Sassenage,10600,5.66667,45.2
57,Maizières-lès-Metz,10600,6.15,49.2167
66,Saint-Cyprien,10600,3,42.6167
13,Septèmes-les-Vallons,10500,5.36667,43.4
27,Bernay,10500,0.6,49.1
34,Mèze,10500,3.6,43.4167
42,Riorges,10500,4.03333,46.0333
44,Pornichet,10500,-2.35,47.25
60,Clermont,10500,2.4,49.3833
67,Hœnheim,10500,7.75,48.6167
70,Héricourt,10500,6.75,47.5833
93,Dugny,10500,2.41667,48.95
19,Ussel,10400,2.31667,45.55
37,Montlouis-sur-Loire,10400,0.833333,47.3833
51,Tinqueux,10400,3.98333,49.25
63,Pont-du-Château,10400,3.25,45.8
63,Gerzat,10400,3.15,45.8333
64,Orthez,10400,-0.766667,43.4833
68,Wittelsheim,10400,7.25,47.8167
79,Parthenay,10400,-0.25,46.65
81,Lavaur,10400,1.81667,43.7
84,Pernes-les-Fontaines,10400,5.05,44
85,Saint-Hilaire-de-Riez,10400,-1.95,46.7167
89,Joigny,10400,3.4,47.9833
95,Persan,10400,2.26667,49.15
6,Mouans-Sartoux,10300,6.96667,43.6167
16,Soyaux,10300,0.2,45.65
28,Mainvilliers,10300,1.46667,48.45
37,Fondettes,10300,0.6,47.4
62,Courrières,10300,2.93333,50.45
67,Erstein,10300,7.66667,48.4333
69,Tarare,10300,4.43333,45.9
2,Villers-Cotterêts,10200,3.08333,49.25
13,Trets,10200,5.68333,43.45
35,Betton,10200,-1.65,48.1833
35,Saint-Jacques-de-la-Lande,10200,-1.71667,48.0667
42,Roche-la-Molière,10200,4.31667,45.4333
62,Oignies,10200,2.98333,50.4667
62,Montigny-en-Gohelle,10200,2.93333,50.4333
76,Déville-lès-Rouen,10200,1.03333,49.4667
77,Lieusaint,10200,2.55,48.6333
81,Carmaux,10200,2.15,44.05
91,Arpajon,10200,2.25,48.5833
91,Épinay-sur-Orge,10200,2.33333,48.6667
91,Igny,10200,2.21667,48.7333
10,Sainte-Savine,10100,4.05,48.3
26,Bourg-de-Péage,10100,5.05,45.0333
37,La Riche,10100,0.65,47.3833
56,Guidel,10100,2.51139,47.7906
56,Saint-Avé,10100,-2.75,47.6833
57,Amnéville,10100,6.15,49.2667
57,Rombas,10100,6.08333,49.25
59,Aniche,10100,3.25,50.3333
62,Sallaumines,10100,2.86667,50.4167
62,Le Portel,10100,1.56667,50.7
74,La Roche-sur-Foron,10100,6.31667,46.0667
78,Croissy-sur-Seine,10100,2.13333,48.8667
87,Panazol,10100,1.3,45.8333
11,Lézignan-Corbières,10000,2.76667,43.2
30,Pont-Saint-Esprit,10000,4.65,44.25
31,Saint-Jean,10000,1.5,43.6667
46,Figeac,10000,2.03333,44.6
54,Dombasle-sur-Meurthe,10000,6.35,48.6333
59,Douchy-les-Mines,10000,3.38333,50.3
62,Lillers,10000,2.48333,50.5667
63,Aubière,10000,3.11667,45.75
66,Argelès-sur-Mer,10000,3.01667,42.55
81,Mazamet,10000,2.4,43.5
83,La Londe-les-Maures,10000,6.23333,43.1333
14,Mondeville,9900,-0.316667,49.1667
54,Saint-Max,9900,6.21667,48.7
59,Jeumont,9900,4.1,50.3
59,Bondues,9900,3.1,50.7
67,Brumath,9900,7.71667,48.7333
69,Pierre-Bénite,9900,4.81667,45.7
78,Villepreux,9900,2.01667,48.8333
79,Thouars,9900,-0.216667,46.9667
83,Cuers,9900,6.06667,43.2333
84,Vedène,9900,4.9,43.9833
84,Valréas,9900,4.98333,44.3833
86,Buxerolles,9900,0.483333,46.6167
94,Ormesson-sur-Marne,9900,2.55,48.7833
11,Limoux,9800,2.23333,43.0667
21,Chevigny-Saint-Sauveur,9800,5.13333,47.3
31,Portet-sur-Garonne,9800,1.41667,43.5167
59,Marquette-lez-Lille,9800,3.06611,50.6759
59,Annœullin,9800,2.93333,50.5333
59,Wambrechies,9800,3.05,50.6833
64,Lescar,9800,-0.416667,43.3333
80,Albert,9800,2.65,50
83,Carqueiranne,9800,6.08333,43.0833
83,Vidauban,9800,6.43333,43.4167
85,Luçon,9800,-1.16667,46.45
1,Gex,9700,6.06667,46.3333
9,Foix,9700,1.6,42.9667
22,Loudéac,9700,-2.75,48.1667
38,Voreppe,9700,5.63333,45.3
59,Condé-sur-l'Escaut,9700,3.58333,50.45
59,Neuville-en-Ferrain,9700,3.15,50.75
62,Arques,9700,2.28333,50.7333
62,Aire-sur-la-Lys,9700,2.4,50.6333
91,Bures-sur-Yvette,9700,2.16667,48.7
95,Fosses,9700,2.48333,49.1
21,Quetigny,9600,5.11667,47.3167
29,Fouesnant,9600,-4.01667,47.9
35,Redon,9600,-2.08333,47.65
42,Andrézieux-Bouthéon,9600,4.26028,45.5262
76,Caudebec-lès-Elbeuf,9600,1.03333,49.2833
91,Villebon-sur-Yvette,9600,2.25,48.7
91,Dourdan,9600,2.01667,48.5333
54,Villerupt,9500,5.93333,49.4667
57,Marly,9500,6.14973,49.0612
60,Gouvieux,9500,2.41667,49.1833
69,Chassieu,9500,4.96667,45.75
76,Grand-Couronne,9500,1,49.35
2,Hirson,9400,4.08333,49.9167
21,Longvic,9400,5.06667,47.2833
26,Portes-lès-Valence,9400,4.88333,44.8667
38,Eybens,9400,5.75,45.15
45,La Chapelle-Saint-Mesmin,9400,1.83333,47.8833
47,Le Passage,9400,0.616667,44.2
50,Coutances,9400,-1.43333,49.05
54,Jarville-la-Malgrange,9400,6.21667,48.6667
58,Varennes-Vauzelles,9400,3.14639,47.0123
60,Chambly,9400,2.25,49.1667
60,Lamorlaye,9400,2.43333,49.15
62,Isbergues,9400,2.45,50.6167
69,Corbas,9400,4.9,45.6667
76,Darnétal,9400,1.15,49.45
77,Thorigny-sur-Marne,9400,2.71667,48.8833
78,Vernouillet,9400,1.98333,48.9667
91,Bondoufle,9400,2.38333,48.6167
94,Villecresnes,9400,2.53333,48.7167
95,Méry-sur-Oise,9400,2.2,49.0667
14,Ouistreham,9300,-0.25,49.2833
24,Sarlat-la-Canéda,9300,1.21667,44.8833
44,Pontchâteau,9300,-2.08333,47.4333
57,Hagondange,9300,6.16667,49.25
67,Molsheim,9300,7.48333,48.5333
69,Feyzin,9300,4.85,45.6667
72,La Ferté-Bernard,9300,0.666667,48.1833
76,Lillebonne,9300,0.55,49.5167
78,Chanteloup-les-Vignes,9300,2.03333,48.9833
6,Biot,9200,7.1,43.6333
13,Gignac-la-Nerthe,9200,5.23333,43.3917
13,Pélissanne,9200,5.15,43.6333
47,Tonneins,9200,0.316667,44.3833
59,Leers,9200,3.25,50.6833
91,Saint-Germain-lès-Arpajon,9200,2.25,48.6
18,Saint-Doulchard,9100,2.35,47.1
31,Revel,9100,2,43.4667
33,Biganos,9100,-0.983333,44.65
35,Pacé,9100,-1.76667,48.15
62,Marck,9100,1.95,50.95
71,Paray-le-Monial,9100,4.11667,46.45
76,Petit-Couronne,9100,1.0275,49.3856
76,Gonfreville-l'Orcher,9100,0.233333,49.5
91,Crosne,9100,2.45,48.7167
91,Fleury-Mérogis,9100,2.36667,48.6333
95,Ézanville,9100,2.36667,49.0333
1,Miribel,9000,4.95306,45.8245
3,Domérat,9000,2.53333,46.35
21,Fontaine-lès-Dijon,9000,5.01917,47.3434
26,Livron-sur-Drôme,9000,4.85,44.7667
29,Landivisiau,9000,-4.06667,48.5167
33,Léognan,9000,-0.6,44.7333
33,Saint-André-de-Cubzac,9000,-0.441667,44.9917
44,Blain,9000,-1.75,47.4833
59,Escaudain,9000,3.35,50.3333
71,Saint-Vallier,9000,4.36667,46.6333
74,Chamonix-Mont-Blanc,9000,6.86667,45.9167
77,La Ferté-sous-Jouarre,9000,3.13333,48.95
83,Le Beausset,9000,5.8,43.2
83,Le Luc,9000,6.31667,43.3833
95,Louvres,9000,2.5,49.0333
13,Fuveau,8900,5.56667,43.45
49,Saint-Barthélemy-d'Anjou,8900,-0.5,47.4667
